cruscotto,data,percorso,valore_json,fonte,dati_fino_a_json,licenza,licenza_url,attribuzione,nota_licenza_fonti
builders_vs_price,2026-10-06,/nome,"""builders_vs_price""",GitHub (commits in public repositories); CoinGecko (prices),"""2026-09-20""",CC BY 4.0,https://creativecommons.org/licenses/by/4.0/,Luca Valente,"CC BY 4.0 applies to the original compilation and editorial work by Luca Valente. Underlying third-party data retain their source terms, including Coin Metrics CC BY-NC 4.0 where indicated; this export does not replace those terms."
builders_vs_price,2026-10-06,/titolo,"""Builders vs Price""",GitHub (commits in public repositories); CoinGecko (prices),"""2026-09-20""",CC BY 4.0,https://creativecommons.org/licenses/by/4.0/,Luca Valente,"CC BY 4.0 applies to the original compilation and editorial work by Luca Valente. Underlying third-party data retain their source terms, including Coin Metrics CC BY-NC 4.0 where indicated; this export does not replace those terms."
builders_vs_price,2026-10-06,/data,"""2026-10-06""",GitHub (commits in public repositories); CoinGecko (prices),"""2026-09-20""",CC BY 4.0,https://creativecommons.org/licenses/by/4.0/,Luca Valente,"CC BY 4.0 applies to the original compilation and editorial work by Luca Valente. Underlying third-party data retain their source terms, including Coin Metrics CC BY-NC 4.0 where indicated; this export does not replace those terms."
builders_vs_price,2026-10-06,/dati_fino_a,"""2026-09-20""",GitHub (commits in public repositories); CoinGecko (prices),"""2026-09-20""",CC BY 4.0,https://creativecommons.org/licenses/by/4.0/,Luca Valente,"CC BY 4.0 applies to the original compilation and editorial work by Luca Valente. Underlying third-party data retain their source terms, including Coin Metrics CC BY-NC 4.0 where indicated; this export does not replace those terms."
builders_vs_price,2026-10-06,/parola,null,GitHub (commits in public repositories); CoinGecko (prices),"""2026-09-20""",CC BY 4.0,https://creativecommons.org/licenses/by/4.0/,Luca Valente,"CC BY 4.0 applies to the original compilation and editorial work by Luca Valente. Underlying third-party data retain their source terms, including Coin Metrics CC BY-NC 4.0 where indicated; this export does not replace those terms."
builders_vs_price,2026-10-06,/da_quando,null,GitHub (commits in public repositories); CoinGecko (prices),"""2026-09-20""",CC BY 4.0,https://creativecommons.org/licenses/by/4.0/,Luca Valente,"CC BY 4.0 applies to the original compilation and editorial work by Luca Valente. Underlying third-party data retain their source terms, including Coin Metrics CC BY-NC 4.0 where indicated; this export does not replace those terms."
builders_vs_price,2026-10-06,/cadenza,"""weekly""",GitHub (commits in public repositories); CoinGecko (prices),"""2026-09-20""",CC BY 4.0,https://creativecommons.org/licenses/by/4.0/,Luca Valente,"CC BY 4.0 applies to the original compilation and editorial work by Luca Valente. Underlying third-party data retain their source terms, including Coin Metrics CC BY-NC 4.0 where indicated; this export does not replace those terms."
builders_vs_price,2026-10-06,/settimane_di_fila,true,GitHub (commits in public repositories); CoinGecko (prices),"""2026-09-20""",CC BY 4.0,https://creativecommons.org/licenses/by/4.0/,Luca Valente,"CC BY 4.0 applies to the original compilation and editorial work by Luca Valente. Underlying third-party data retain their source terms, including Coin Metrics CC BY-NC 4.0 where indicated; this export does not replace those terms."
builders_vs_price,2026-10-06,/blocchi/0/id,"""insieme""",GitHub (commits in public repositories); CoinGecko (prices),"""2026-09-20""",CC BY 4.0,https://creativecommons.org/licenses/by/4.0/,Luca Valente,"CC BY 4.0 applies to the original compilation and editorial work by Luca Valente. Underlying third-party data retain their source terms, including Coin Metrics CC BY-NC 4.0 where indicated; this export does not replace those terms."
builders_vs_price,2026-10-06,/blocchi/0/titolo,"""All projects with at least 20 commits in 4 weeks""",GitHub (commits in public repositories); CoinGecko (prices),"""2026-09-20""",CC BY 4.0,https://creativecommons.org/licenses/by/4.0/,Luca Valente,"CC BY 4.0 applies to the original compilation and editorial work by Luca Valente. Underlying third-party data retain their source terms, including Coin Metrics CC BY-NC 4.0 where indicated; this export does not replace those terms."
builders_vs_price,2026-10-06,/blocchi/0/valori/0/etichetta,"""Commits in 4 weeks across 57 projects""",GitHub,"""2026-09-20""",CC BY 4.0,https://creativecommons.org/licenses/by/4.0/,Luca Valente,"CC BY 4.0 applies to the original compilation and editorial work by Luca Valente. Underlying third-party data retain their source terms, including Coin Metrics CC BY-NC 4.0 where indicated; this export does not replace those terms."
builders_vs_price,2026-10-06,/blocchi/0/valori/0/valore,20553,GitHub,"""2026-09-20""",CC BY 4.0,https://creativecommons.org/licenses/by/4.0/,Luca Valente,"CC BY 4.0 applies to the original compilation and editorial work by Luca Valente. Underlying third-party data retain their source terms, including Coin Metrics CC BY-NC 4.0 where indicated; this export does not replace those terms."
builders_vs_price,2026-10-06,/blocchi/0/valori/0/unita,null,GitHub,"""2026-09-20""",CC BY 4.0,https://creativecommons.org/licenses/by/4.0/,Luca Valente,"CC BY 4.0 applies to the original compilation and editorial work by Luca Valente. Underlying third-party data retain their source terms, including Coin Metrics CC BY-NC 4.0 where indicated; this export does not replace those terms."
builders_vs_price,2026-10-06,/blocchi/0/valori/0/variazioni/28,0.333,GitHub,"""2026-09-20""",CC BY 4.0,https://creativecommons.org/licenses/by/4.0/,Luca Valente,"CC BY 4.0 applies to the original compilation and editorial work by Luca Valente. Underlying third-party data retain their source terms, including Coin Metrics CC BY-NC 4.0 where indicated; this export does not replace those terms."
builders_vs_price,2026-10-06,/blocchi/0/valori/0/percentile_1a,null,GitHub,"""2026-09-20""",CC BY 4.0,https://creativecommons.org/licenses/by/4.0/,Luca Valente,"CC BY 4.0 applies to the original compilation and editorial work by Luca Valente. Underlying third-party data retain their source terms, including Coin Metrics CC BY-NC 4.0 where indicated; this export does not replace those terms."
builders_vs_price,2026-10-06,/blocchi/0/valori/0/percentile_storia,97.8,GitHub,"""2026-09-20""",CC BY 4.0,https://creativecommons.org/licenses/by/4.0/,Luca Valente,"CC BY 4.0 applies to the original compilation and editorial work by Luca Valente. Underlying third-party data retain their source terms, including Coin Metrics CC BY-NC 4.0 where indicated; this export does not replace those terms."
builders_vs_price,2026-10-06,/blocchi/0/valori/0/storia_dal,"""2025-11-09""",GitHub,"""2026-09-20""",CC BY 4.0,https://creativecommons.org/licenses/by/4.0/,Luca Valente,"CC BY 4.0 applies to the original compilation and editorial work by Luca Valente. Underlying third-party data retain their source terms, including Coin Metrics CC BY-NC 4.0 where indicated; this export does not replace those terms."
builders_vs_price,2026-10-06,/blocchi/0/valori/0/stato,"""expanding""",GitHub,"""2026-09-20""",CC BY 4.0,https://creativecommons.org/licenses/by/4.0/,Luca Valente,"CC BY 4.0 applies to the original compilation and editorial work by Luca Valente. Underlying third-party data retain their source terms, including Coin Metrics CC BY-NC 4.0 where indicated; this export does not replace those terms."
builders_vs_price,2026-10-06,/blocchi/0/valori/0/fonte,"""GitHub""",GitHub,"""2026-09-20""",CC BY 4.0,https://creativecommons.org/licenses/by/4.0/,Luca Valente,"CC BY 4.0 applies to the original compilation and editorial work by Luca Valente. Underlying third-party data retain their source terms, including Coin Metrics CC BY-NC 4.0 where indicated; this export does not replace those terms."
builders_vs_price,2026-10-06,/blocchi/0/valori/0/dati_fino_a,"""2026-09-20""",GitHub,"""2026-09-20""",CC BY 4.0,https://creativecommons.org/licenses/by/4.0/,Luca Valente,"CC BY 4.0 applies to the original compilation and editorial work by Luca Valente. Underlying third-party data retain their source terms, including Coin Metrics CC BY-NC 4.0 where indicated; this export does not replace those terms."
builders_vs_price,2026-10-06,/blocchi/0/serie/0/etichetta,"""Commits in 4 weeks""",GitHub (commits in public repositories); CoinGecko (prices),"""2026-09-20""",CC BY 4.0,https://creativecommons.org/licenses/by/4.0/,Luca Valente,"CC BY 4.0 applies to the original compilation and editorial work by Luca Valente. Underlying third-party data retain their source terms, including Coin Metrics CC BY-NC 4.0 where indicated; this export does not replace those terms."
builders_vs_price,2026-10-06,/blocchi/0/serie/0/unita,null,GitHub (commits in public repositories); CoinGecko (prices),"""2026-09-20""",CC BY 4.0,https://creativecommons.org/licenses/by/4.0/,Luca Valente,"CC BY 4.0 applies to the original compilation and editorial work by Luca Valente. Underlying third-party data retain their source terms, including Coin Metrics CC BY-NC 4.0 where indicated; this export does not replace those terms."
builders_vs_price,2026-10-06,/blocchi/0/serie/0/punti/0/0,"""2025-11-09""",GitHub (commits in public repositories); CoinGecko (prices),"""2026-09-20""",CC BY 4.0,https://creativecommons.org/licenses/by/4.0/,Luca Valente,"CC BY 4.0 applies to the original compilation and editorial work by Luca Valente. Underlying third-party data retain their source terms, including Coin Metrics CC BY-NC 4.0 where indicated; this export does not replace those terms."
builders_vs_price,2026-10-06,/blocchi/0/serie/0/punti/0/1,14293,GitHub (commits in public repositories); CoinGecko (prices),"""2026-09-20""",CC BY 4.0,https://creativecommons.org/licenses/by/4.0/,Luca Valente,"CC BY 4.0 applies to the original compilation and editorial work by Luca Valente. Underlying third-party data retain their source terms, including Coin Metrics CC BY-NC 4.0 where indicated; this export does not replace those terms."
builders_vs_price,2026-10-06,/blocchi/0/serie/0/punti/1/0,"""2025-11-16""",GitHub (commits in public repositories); CoinGecko (prices),"""2026-09-20""",CC BY 4.0,https://creativecommons.org/licenses/by/4.0/,Luca Valente,"CC BY 4.0 applies to the original compilation and editorial work by Luca Valente. Underlying third-party data retain their source terms, including Coin Metrics CC BY-NC 4.0 where indicated; this export does not replace those terms."
builders_vs_price,2026-10-06,/blocchi/0/serie/0/punti/1/1,14285,GitHub (commits in public repositories); CoinGecko (prices),"""2026-09-20""",CC BY 4.0,https://creativecommons.org/licenses/by/4.0/,Luca Valente,"CC BY 4.0 applies to the original compilation and editorial work by Luca Valente. Underlying third-party data retain their source terms, including Coin Metrics CC BY-NC 4.0 where indicated; this export does not replace those terms."
builders_vs_price,2026-10-06,/blocchi/0/serie/0/punti/2/0,"""2025-11-23""",GitHub (commits in public repositories); CoinGecko (prices),"""2026-09-20""",CC BY 4.0,https://creativecommons.org/licenses/by/4.0/,Luca Valente,"CC BY 4.0 applies to the original compilation and editorial work by Luca Valente. Underlying third-party data retain their source terms, including Coin Metrics CC BY-NC 4.0 where indicated; this export does not replace those terms."
builders_vs_price,2026-10-06,/blocchi/0/serie/0/punti/2/1,13703,GitHub (commits in public repositories); CoinGecko (prices),"""2026-09-20""",CC BY 4.0,https://creativecommons.org/licenses/by/4.0/,Luca Valente,"CC BY 4.0 applies to the original compilation and editorial work by Luca Valente. Underlying third-party data retain their source terms, including Coin Metrics CC BY-NC 4.0 where indicated; this export does not replace those terms."
builders_vs_price,2026-10-06,/blocchi/0/serie/0/punti/3/0,"""2025-11-30""",GitHub (commits in public repositories); CoinGecko (prices),"""2026-09-20""",CC BY 4.0,https://creativecommons.org/licenses/by/4.0/,Luca Valente,"CC BY 4.0 applies to the original compilation and editorial work by Luca Valente. Underlying third-party data retain their source terms, including Coin Metrics CC BY-NC 4.0 where indicated; this export does not replace those terms."
builders_vs_price,2026-10-06,/blocchi/0/serie/0/punti/3/1,13458,GitHub (commits in public repositories); CoinGecko (prices),"""2026-09-20""",CC BY 4.0,https://creativecommons.org/licenses/by/4.0/,Luca Valente,"CC BY 4.0 applies to the original compilation and editorial work by Luca Valente. Underlying third-party data retain their source terms, including Coin Metrics CC BY-NC 4.0 where indicated; this export does not replace those terms."
builders_vs_price,2026-10-06,/blocchi/0/serie/0/punti/4/0,"""2025-12-07""",GitHub (commits in public repositories); CoinGecko (prices),"""2026-09-20""",CC BY 4.0,https://creativecommons.org/licenses/by/4.0/,Luca Valente,"CC BY 4.0 applies to the original compilation and editorial work by Luca Valente. Underlying third-party data retain their source terms, including Coin Metrics CC BY-NC 4.0 where indicated; this export does not replace those terms."
builders_vs_price,2026-10-06,/blocchi/0/serie/0/punti/4/1,13357,GitHub (commits in public repositories); CoinGecko (prices),"""2026-09-20""",CC BY 4.0,https://creativecommons.org/licenses/by/4.0/,Luca Valente,"CC BY 4.0 applies to the original compilation and editorial work by Luca Valente. Underlying third-party data retain their source terms, including Coin Metrics CC BY-NC 4.0 where indicated; this export does not replace those terms."
builders_vs_price,2026-10-06,/blocchi/0/serie/0/punti/5/0,"""2025-12-14""",GitHub (commits in public repositories); CoinGecko (prices),"""2026-09-20""",CC BY 4.0,https://creativecommons.org/licenses/by/4.0/,Luca Valente,"CC BY 4.0 applies to the original compilation and editorial work by Luca Valente. Underlying third-party data retain their source terms, including Coin Metrics CC BY-NC 4.0 where indicated; this export does not replace those terms."
builders_vs_price,2026-10-06,/blocchi/0/serie/0/punti/5/1,13312,GitHub (commits in public repositories); CoinGecko (prices),"""2026-09-20""",CC BY 4.0,https://creativecommons.org/licenses/by/4.0/,Luca Valente,"CC BY 4.0 applies to the original compilation and editorial work by Luca Valente. Underlying third-party data retain their source terms, including Coin Metrics CC BY-NC 4.0 where indicated; this export does not replace those terms."
builders_vs_price,2026-10-06,/blocchi/0/serie/0/punti/6/0,"""2025-12-21""",GitHub (commits in public repositories); CoinGecko (prices),"""2026-09-20""",CC BY 4.0,https://creativecommons.org/licenses/by/4.0/,Luca Valente,"CC BY 4.0 applies to the original compilation and editorial work by Luca Valente. Underlying third-party data retain their source terms, including Coin Metrics CC BY-NC 4.0 where indicated; this export does not replace those terms."
builders_vs_price,2026-10-06,/blocchi/0/serie/0/punti/6/1,11907,GitHub (commits in public repositories); CoinGecko (prices),"""2026-09-20""",CC BY 4.0,https://creativecommons.org/licenses/by/4.0/,Luca Valente,"CC BY 4.0 applies to the original compilation and editorial work by Luca Valente. Underlying third-party data retain their source terms, including Coin Metrics CC BY-NC 4.0 where indicated; this export does not replace those terms."
builders_vs_price,2026-10-06,/blocchi/0/serie/0/punti/7/0,"""2025-12-28""",GitHub (commits in public repositories); CoinGecko (prices),"""2026-09-20""",CC BY 4.0,https://creativecommons.org/licenses/by/4.0/,Luca Valente,"CC BY 4.0 applies to the original compilation and editorial work by Luca Valente. Underlying third-party data retain their source terms, including Coin Metrics CC BY-NC 4.0 where indicated; this export does not replace those terms."
builders_vs_price,2026-10-06,/blocchi/0/serie/0/punti/7/1,9334,GitHub (commits in public repositories); CoinGecko (prices),"""2026-09-20""",CC BY 4.0,https://creativecommons.org/licenses/by/4.0/,Luca Valente,"CC BY 4.0 applies to the original compilation and editorial work by Luca Valente. Underlying third-party data retain their source terms, including Coin Metrics CC BY-NC 4.0 where indicated; this export does not replace those terms."
builders_vs_price,2026-10-06,/blocchi/0/serie/0/punti/8/0,"""2026-01-04""",GitHub (commits in public repositories); CoinGecko (prices),"""2026-09-20""",CC BY 4.0,https://creativecommons.org/licenses/by/4.0/,Luca Valente,"CC BY 4.0 applies to the original compilation and editorial work by Luca Valente. Underlying third-party data retain their source terms, including Coin Metrics CC BY-NC 4.0 where indicated; this export does not replace those terms."
builders_vs_price,2026-10-06,/blocchi/0/serie/0/punti/8/1,9050,GitHub (commits in public repositories); CoinGecko (prices),"""2026-09-20""",CC BY 4.0,https://creativecommons.org/licenses/by/4.0/,Luca Valente,"CC BY 4.0 applies to the original compilation and editorial work by Luca Valente. Underlying third-party data retain their source terms, including Coin Metrics CC BY-NC 4.0 where indicated; this export does not replace those terms."
builders_vs_price,2026-10-06,/blocchi/0/serie/0/punti/9/0,"""2026-01-11""",GitHub (commits in public repositories); CoinGecko (prices),"""2026-09-20""",CC BY 4.0,https://creativecommons.org/licenses/by/4.0/,Luca Valente,"CC BY 4.0 applies to the original compilation and editorial work by Luca Valente. Underlying third-party data retain their source terms, including Coin Metrics CC BY-NC 4.0 where indicated; this export does not replace those terms."
builders_vs_price,2026-10-06,/blocchi/0/serie/0/punti/9/1,9421,GitHub (commits in public repositories); CoinGecko (prices),"""2026-09-20""",CC BY 4.0,https://creativecommons.org/licenses/by/4.0/,Luca Valente,"CC BY 4.0 applies to the original compilation and editorial work by Luca Valente. Underlying third-party data retain their source terms, including Coin Metrics CC BY-NC 4.0 where indicated; this export does not replace those terms."
builders_vs_price,2026-10-06,/blocchi/0/serie/0/punti/10/0,"""2026-01-18""",GitHub (commits in public repositories); CoinGecko (prices),"""2026-09-20""",CC BY 4.0,https://creativecommons.org/licenses/by/4.0/,Luca Valente,"CC BY 4.0 applies to the original compilation and editorial work by Luca Valente. Underlying third-party data retain their source terms, including Coin Metrics CC BY-NC 4.0 where indicated; this export does not replace those terms."
builders_vs_price,2026-10-06,/blocchi/0/serie/0/punti/10/1,11142,GitHub (commits in public repositories); CoinGecko (prices),"""2026-09-20""",CC BY 4.0,https://creativecommons.org/licenses/by/4.0/,Luca Valente,"CC BY 4.0 applies to the original compilation and editorial work by Luca Valente. Underlying third-party data retain their source terms, including Coin Metrics CC BY-NC 4.0 where indicated; this export does not replace those terms."
builders_vs_price,2026-10-06,/blocchi/0/serie/0/punti/11/0,"""2026-01-25""",GitHub (commits in public repositories); CoinGecko (prices),"""2026-09-20""",CC BY 4.0,https://creativecommons.org/licenses/by/4.0/,Luca Valente,"CC BY 4.0 applies to the original compilation and editorial work by Luca Valente. Underlying third-party data retain their source terms, including Coin Metrics CC BY-NC 4.0 where indicated; this export does not replace those terms."
builders_vs_price,2026-10-06,/blocchi/0/serie/0/punti/11/1,13617,GitHub (commits in public repositories); CoinGecko (prices),"""2026-09-20""",CC BY 4.0,https://creativecommons.org/licenses/by/4.0/,Luca Valente,"CC BY 4.0 applies to the original compilation and editorial work by Luca Valente. Underlying third-party data retain their source terms, including Coin Metrics CC BY-NC 4.0 where indicated; this export does not replace those terms."
builders_vs_price,2026-10-06,/blocchi/0/serie/0/punti/12/0,"""2026-02-01""",GitHub (commits in public repositories); CoinGecko (prices),"""2026-09-20""",CC BY 4.0,https://creativecommons.org/licenses/by/4.0/,Luca Valente,"CC BY 4.0 applies to the original compilation and editorial work by Luca Valente. Underlying third-party data retain their source terms, including Coin Metrics CC BY-NC 4.0 where indicated; this export does not replace those terms."
builders_vs_price,2026-10-06,/blocchi/0/serie/0/punti/12/1,14254,GitHub (commits in public repositories); CoinGecko (prices),"""2026-09-20""",CC BY 4.0,https://creativecommons.org/licenses/by/4.0/,Luca Valente,"CC BY 4.0 applies to the original compilation and editorial work by Luca Valente. Underlying third-party data retain their source terms, including Coin Metrics CC BY-NC 4.0 where indicated; this export does not replace those terms."
builders_vs_price,2026-10-06,/blocchi/0/serie/0/punti/13/0,"""2026-02-08""",GitHub (commits in public repositories); CoinGecko (prices),"""2026-09-20""",CC BY 4.0,https://creativecommons.org/licenses/by/4.0/,Luca Valente,"CC BY 4.0 applies to the original compilation and editorial work by Luca Valente. Underlying third-party data retain their source terms, including Coin Metrics CC BY-NC 4.0 where indicated; this export does not replace those terms."
builders_vs_price,2026-10-06,/blocchi/0/serie/0/punti/13/1,14287,GitHub (commits in public repositories); CoinGecko (prices),"""2026-09-20""",CC BY 4.0,https://creativecommons.org/licenses/by/4.0/,Luca Valente,"CC BY 4.0 applies to the original compilation and editorial work by Luca Valente. Underlying third-party data retain their source terms, including Coin Metrics CC BY-NC 4.0 where indicated; this export does not replace those terms."
builders_vs_price,2026-10-06,/blocchi/0/serie/0/punti/14/0,"""2026-02-15""",GitHub (commits in public repositories); CoinGecko (prices),"""2026-09-20""",CC BY 4.0,https://creativecommons.org/licenses/by/4.0/,Luca Valente,"CC BY 4.0 applies to the original compilation and editorial work by Luca Valente. Underlying third-party data retain their source terms, including Coin Metrics CC BY-NC 4.0 where indicated; this export does not replace those terms."
builders_vs_price,2026-10-06,/blocchi/0/serie/0/punti/14/1,14516,GitHub (commits in public repositories); CoinGecko (prices),"""2026-09-20""",CC BY 4.0,https://creativecommons.org/licenses/by/4.0/,Luca Valente,"CC BY 4.0 applies to the original compilation and editorial work by Luca Valente. Underlying third-party data retain their source terms, including Coin Metrics CC BY-NC 4.0 where indicated; this export does not replace those terms."
builders_vs_price,2026-10-06,/blocchi/0/serie/0/punti/15/0,"""2026-02-22""",GitHub (commits in public repositories); CoinGecko (prices),"""2026-09-20""",CC BY 4.0,https://creativecommons.org/licenses/by/4.0/,Luca Valente,"CC BY 4.0 applies to the original compilation and editorial work by Luca Valente. Underlying third-party data retain their source terms, including Coin Metrics CC BY-NC 4.0 where indicated; this export does not replace those terms."
builders_vs_price,2026-10-06,/blocchi/0/serie/0/punti/15/1,14699,GitHub (commits in public repositories); CoinGecko (prices),"""2026-09-20""",CC BY 4.0,https://creativecommons.org/licenses/by/4.0/,Luca Valente,"CC BY 4.0 applies to the original compilation and editorial work by Luca Valente. Underlying third-party data retain their source terms, including Coin Metrics CC BY-NC 4.0 where indicated; this export does not replace those terms."
builders_vs_price,2026-10-06,/blocchi/0/serie/0/punti/16/0,"""2026-03-01""",GitHub (commits in public repositories); CoinGecko (prices),"""2026-09-20""",CC BY 4.0,https://creativecommons.org/licenses/by/4.0/,Luca Valente,"CC BY 4.0 applies to the original compilation and editorial work by Luca Valente. Underlying third-party data retain their source terms, including Coin Metrics CC BY-NC 4.0 where indicated; this export does not replace those terms."
builders_vs_price,2026-10-06,/blocchi/0/serie/0/punti/16/1,15216,GitHub (commits in public repositories); CoinGecko (prices),"""2026-09-20""",CC BY 4.0,https://creativecommons.org/licenses/by/4.0/,Luca Valente,"CC BY 4.0 applies to the original compilation and editorial work by Luca Valente. Underlying third-party data retain their source terms, including Coin Metrics CC BY-NC 4.0 where indicated; this export does not replace those terms."
builders_vs_price,2026-10-06,/blocchi/0/serie/0/punti/17/0,"""2026-03-08""",GitHub (commits in public repositories); CoinGecko (prices),"""2026-09-20""",CC BY 4.0,https://creativecommons.org/licenses/by/4.0/,Luca Valente,"CC BY 4.0 applies to the original compilation and editorial work by Luca Valente. Underlying third-party data retain their source terms, including Coin Metrics CC BY-NC 4.0 where indicated; this export does not replace those terms."
builders_vs_price,2026-10-06,/blocchi/0/serie/0/punti/17/1,15797,GitHub (commits in public repositories); CoinGecko (prices),"""2026-09-20""",CC BY 4.0,https://creativecommons.org/licenses/by/4.0/,Luca Valente,"CC BY 4.0 applies to the original compilation and editorial work by Luca Valente. Underlying third-party data retain their source terms, including Coin Metrics CC BY-NC 4.0 where indicated; this export does not replace those terms."
builders_vs_price,2026-10-06,/blocchi/0/serie/0/punti/18/0,"""2026-03-15""",GitHub (commits in public repositories); CoinGecko (prices),"""2026-09-20""",CC BY 4.0,https://creativecommons.org/licenses/by/4.0/,Luca Valente,"CC BY 4.0 applies to the original compilation and editorial work by Luca Valente. Underlying third-party data retain their source terms, including Coin Metrics CC BY-NC 4.0 where indicated; this export does not replace those terms."
builders_vs_price,2026-10-06,/blocchi/0/serie/0/punti/18/1,16309,GitHub (commits in public repositories); CoinGecko (prices),"""2026-09-20""",CC BY 4.0,https://creativecommons.org/licenses/by/4.0/,Luca Valente,"CC BY 4.0 applies to the original compilation and editorial work by Luca Valente. Underlying third-party data retain their source terms, including Coin Metrics CC BY-NC 4.0 where indicated; this export does not replace those terms."
builders_vs_price,2026-10-06,/blocchi/0/serie/0/punti/19/0,"""2026-03-22""",GitHub (commits in public repositories); CoinGecko (prices),"""2026-09-20""",CC BY 4.0,https://creativecommons.org/licenses/by/4.0/,Luca Valente,"CC BY 4.0 applies to the original compilation and editorial work by Luca Valente. Underlying third-party data retain their source terms, including Coin Metrics CC BY-NC 4.0 where indicated; this export does not replace those terms."
builders_vs_price,2026-10-06,/blocchi/0/serie/0/punti/19/1,16668,GitHub (commits in public repositories); CoinGecko (prices),"""2026-09-20""",CC BY 4.0,https://creativecommons.org/licenses/by/4.0/,Luca Valente,"CC BY 4.0 applies to the original compilation and editorial work by Luca Valente. Underlying third-party data retain their source terms, including Coin Metrics CC BY-NC 4.0 where indicated; this export does not replace those terms."
builders_vs_price,2026-10-06,/blocchi/0/serie/0/punti/20/0,"""2026-03-29""",GitHub (commits in public repositories); CoinGecko (prices),"""2026-09-20""",CC BY 4.0,https://creativecommons.org/licenses/by/4.0/,Luca Valente,"CC BY 4.0 applies to the original compilation and editorial work by Luca Valente. Underlying third-party data retain their source terms, including Coin Metrics CC BY-NC 4.0 where indicated; this export does not replace those terms."
builders_vs_price,2026-10-06,/blocchi/0/serie/0/punti/20/1,15949,GitHub (commits in public repositories); CoinGecko (prices),"""2026-09-20""",CC BY 4.0,https://creativecommons.org/licenses/by/4.0/,Luca Valente,"CC BY 4.0 applies to the original compilation and editorial work by Luca Valente. Underlying third-party data retain their source terms, including Coin Metrics CC BY-NC 4.0 where indicated; this export does not replace those terms."
builders_vs_price,2026-10-06,/blocchi/0/serie/0/punti/21/0,"""2026-04-05""",GitHub (commits in public repositories); CoinGecko (prices),"""2026-09-20""",CC BY 4.0,https://creativecommons.org/licenses/by/4.0/,Luca Valente,"CC BY 4.0 applies to the original compilation and editorial work by Luca Valente. Underlying third-party data retain their source terms, including Coin Metrics CC BY-NC 4.0 where indicated; this export does not replace those terms."
builders_vs_price,2026-10-06,/blocchi/0/serie/0/punti/21/1,15456,GitHub (commits in public repositories); CoinGecko (prices),"""2026-09-20""",CC BY 4.0,https://creativecommons.org/licenses/by/4.0/,Luca Valente,"CC BY 4.0 applies to the original compilation and editorial work by Luca Valente. Underlying third-party data retain their source terms, including Coin Metrics CC BY-NC 4.0 where indicated; this export does not replace those terms."
builders_vs_price,2026-10-06,/blocchi/0/serie/0/punti/22/0,"""2026-04-12""",GitHub (commits in public repositories); CoinGecko (prices),"""2026-09-20""",CC BY 4.0,https://creativecommons.org/licenses/by/4.0/,Luca Valente,"CC BY 4.0 applies to the original compilation and editorial work by Luca Valente. Underlying third-party data retain their source terms, including Coin Metrics CC BY-NC 4.0 where indicated; this export does not replace those terms."
builders_vs_price,2026-10-06,/blocchi/0/serie/0/punti/22/1,15452,GitHub (commits in public repositories); CoinGecko (prices),"""2026-09-20""",CC BY 4.0,https://creativecommons.org/licenses/by/4.0/,Luca Valente,"CC BY 4.0 applies to the original compilation and editorial work by Luca Valente. Underlying third-party data retain their source terms, including Coin Metrics CC BY-NC 4.0 where indicated; this export does not replace those terms."
builders_vs_price,2026-10-06,/blocchi/0/serie/0/punti/23/0,"""2026-04-19""",GitHub (commits in public repositories); CoinGecko (prices),"""2026-09-20""",CC BY 4.0,https://creativecommons.org/licenses/by/4.0/,Luca Valente,"CC BY 4.0 applies to the original compilation and editorial work by Luca Valente. Underlying third-party data retain their source terms, including Coin Metrics CC BY-NC 4.0 where indicated; this export does not replace those terms."
builders_vs_price,2026-10-06,/blocchi/0/serie/0/punti/23/1,15588,GitHub (commits in public repositories); CoinGecko (prices),"""2026-09-20""",CC BY 4.0,https://creativecommons.org/licenses/by/4.0/,Luca Valente,"CC BY 4.0 applies to the original compilation and editorial work by Luca Valente. Underlying third-party data retain their source terms, including Coin Metrics CC BY-NC 4.0 where indicated; this export does not replace those terms."
builders_vs_price,2026-10-06,/blocchi/0/serie/0/punti/24/0,"""2026-04-26""",GitHub (commits in public repositories); CoinGecko (prices),"""2026-09-20""",CC BY 4.0,https://creativecommons.org/licenses/by/4.0/,Luca Valente,"CC BY 4.0 applies to the original compilation and editorial work by Luca Valente. Underlying third-party data retain their source terms, including Coin Metrics CC BY-NC 4.0 where indicated; this export does not replace those terms."
builders_vs_price,2026-10-06,/blocchi/0/serie/0/punti/24/1,16084,GitHub (commits in public repositories); CoinGecko (prices),"""2026-09-20""",CC BY 4.0,https://creativecommons.org/licenses/by/4.0/,Luca Valente,"CC BY 4.0 applies to the original compilation and editorial work by Luca Valente. Underlying third-party data retain their source terms, including Coin Metrics CC BY-NC 4.0 where indicated; this export does not replace those terms."
builders_vs_price,2026-10-06,/blocchi/0/serie/0/punti/25/0,"""2026-05-03""",GitHub (commits in public repositories); CoinGecko (prices),"""2026-09-20""",CC BY 4.0,https://creativecommons.org/licenses/by/4.0/,Luca Valente,"CC BY 4.0 applies to the original compilation and editorial work by Luca Valente. Underlying third-party data retain their source terms, including Coin Metrics CC BY-NC 4.0 where indicated; this export does not replace those terms."
builders_vs_price,2026-10-06,/blocchi/0/serie/0/punti/25/1,16598,GitHub (commits in public repositories); CoinGecko (prices),"""2026-09-20""",CC BY 4.0,https://creativecommons.org/licenses/by/4.0/,Luca Valente,"CC BY 4.0 applies to the original compilation and editorial work by Luca Valente. Underlying third-party data retain their source terms, including Coin Metrics CC BY-NC 4.0 where indicated; this export does not replace those terms."
builders_vs_price,2026-10-06,/blocchi/0/serie/0/punti/26/0,"""2026-05-10""",GitHub (commits in public repositories); CoinGecko (prices),"""2026-09-20""",CC BY 4.0,https://creativecommons.org/licenses/by/4.0/,Luca Valente,"CC BY 4.0 applies to the original compilation and editorial work by Luca Valente. Underlying third-party data retain their source terms, including Coin Metrics CC BY-NC 4.0 where indicated; this export does not replace those terms."
builders_vs_price,2026-10-06,/blocchi/0/serie/0/punti/26/1,16285,GitHub (commits in public repositories); CoinGecko (prices),"""2026-09-20""",CC BY 4.0,https://creativecommons.org/licenses/by/4.0/,Luca Valente,"CC BY 4.0 applies to the original compilation and editorial work by Luca Valente. Underlying third-party data retain their source terms, including Coin Metrics CC BY-NC 4.0 where indicated; this export does not replace those terms."
builders_vs_price,2026-10-06,/blocchi/0/serie/0/punti/27/0,"""2026-05-17""",GitHub (commits in public repositories); CoinGecko (prices),"""2026-09-20""",CC BY 4.0,https://creativecommons.org/licenses/by/4.0/,Luca Valente,"CC BY 4.0 applies to the original compilation and editorial work by Luca Valente. Underlying third-party data retain their source terms, including Coin Metrics CC BY-NC 4.0 where indicated; this export does not replace those terms."
builders_vs_price,2026-10-06,/blocchi/0/serie/0/punti/27/1,16284,GitHub (commits in public repositories); CoinGecko (prices),"""2026-09-20""",CC BY 4.0,https://creativecommons.org/licenses/by/4.0/,Luca Valente,"CC BY 4.0 applies to the original compilation and editorial work by Luca Valente. Underlying third-party data retain their source terms, including Coin Metrics CC BY-NC 4.0 where indicated; this export does not replace those terms."
builders_vs_price,2026-10-06,/blocchi/0/serie/0/punti/28/0,"""2026-05-24""",GitHub (commits in public repositories); CoinGecko (prices),"""2026-09-20""",CC BY 4.0,https://creativecommons.org/licenses/by/4.0/,Luca Valente,"CC BY 4.0 applies to the original compilation and editorial work by Luca Valente. Underlying third-party data retain their source terms, including Coin Metrics CC BY-NC 4.0 where indicated; this export does not replace those terms."
builders_vs_price,2026-10-06,/blocchi/0/serie/0/punti/28/1,16321,GitHub (commits in public repositories); CoinGecko (prices),"""2026-09-20""",CC BY 4.0,https://creativecommons.org/licenses/by/4.0/,Luca Valente,"CC BY 4.0 applies to the original compilation and editorial work by Luca Valente. Underlying third-party data retain their source terms, including Coin Metrics CC BY-NC 4.0 where indicated; this export does not replace those terms."
builders_vs_price,2026-10-06,/blocchi/0/serie/0/punti/29/0,"""2026-05-31""",GitHub (commits in public repositories); CoinGecko (prices),"""2026-09-20""",CC BY 4.0,https://creativecommons.org/licenses/by/4.0/,Luca Valente,"CC BY 4.0 applies to the original compilation and editorial work by Luca Valente. Underlying third-party data retain their source terms, including Coin Metrics CC BY-NC 4.0 where indicated; this export does not replace those terms."
builders_vs_price,2026-10-06,/blocchi/0/serie/0/punti/29/1,16052,GitHub (commits in public repositories); CoinGecko (prices),"""2026-09-20""",CC BY 4.0,https://creativecommons.org/licenses/by/4.0/,Luca Valente,"CC BY 4.0 applies to the original compilation and editorial work by Luca Valente. Underlying third-party data retain their source terms, including Coin Metrics CC BY-NC 4.0 where indicated; this export does not replace those terms."
builders_vs_price,2026-10-06,/blocchi/0/serie/0/punti/30/0,"""2026-06-07""",GitHub (commits in public repositories); CoinGecko (prices),"""2026-09-20""",CC BY 4.0,https://creativecommons.org/licenses/by/4.0/,Luca Valente,"CC BY 4.0 applies to the original compilation and editorial work by Luca Valente. Underlying third-party data retain their source terms, including Coin Metrics CC BY-NC 4.0 where indicated; this export does not replace those terms."
builders_vs_price,2026-10-06,/blocchi/0/serie/0/punti/30/1,16193,GitHub (commits in public repositories); CoinGecko (prices),"""2026-09-20""",CC BY 4.0,https://creativecommons.org/licenses/by/4.0/,Luca Valente,"CC BY 4.0 applies to the original compilation and editorial work by Luca Valente. Underlying third-party data retain their source terms, including Coin Metrics CC BY-NC 4.0 where indicated; this export does not replace those terms."
builders_vs_price,2026-10-06,/blocchi/0/serie/0/punti/31/0,"""2026-06-14""",GitHub (commits in public repositories); CoinGecko (prices),"""2026-09-20""",CC BY 4.0,https://creativecommons.org/licenses/by/4.0/,Luca Valente,"CC BY 4.0 applies to the original compilation and editorial work by Luca Valente. Underlying third-party data retain their source terms, including Coin Metrics CC BY-NC 4.0 where indicated; this export does not replace those terms."
builders_vs_price,2026-10-06,/blocchi/0/serie/0/punti/31/1,15716,GitHub (commits in public repositories); CoinGecko (prices),"""2026-09-20""",CC BY 4.0,https://creativecommons.org/licenses/by/4.0/,Luca Valente,"CC BY 4.0 applies to the original compilation and editorial work by Luca Valente. Underlying third-party data retain their source terms, including Coin Metrics CC BY-NC 4.0 where indicated; this export does not replace those terms."
builders_vs_price,2026-10-06,/blocchi/0/serie/0/punti/32/0,"""2026-06-21""",GitHub (commits in public repositories); CoinGecko (prices),"""2026-09-20""",CC BY 4.0,https://creativecommons.org/licenses/by/4.0/,Luca Valente,"CC BY 4.0 applies to the original compilation and editorial work by Luca Valente. Underlying third-party data retain their source terms, including Coin Metrics CC BY-NC 4.0 where indicated; this export does not replace those terms."
builders_vs_price,2026-10-06,/blocchi/0/serie/0/punti/32/1,15481,GitHub (commits in public repositories); CoinGecko (prices),"""2026-09-20""",CC BY 4.0,https://creativecommons.org/licenses/by/4.0/,Luca Valente,"CC BY 4.0 applies to the original compilation and editorial work by Luca Valente. Underlying third-party data retain their source terms, including Coin Metrics CC BY-NC 4.0 where indicated; this export does not replace those terms."
builders_vs_price,2026-10-06,/blocchi/0/serie/0/punti/33/0,"""2026-06-28""",GitHub (commits in public repositories); CoinGecko (prices),"""2026-09-20""",CC BY 4.0,https://creativecommons.org/licenses/by/4.0/,Luca Valente,"CC BY 4.0 applies to the original compilation and editorial work by Luca Valente. Underlying third-party data retain their source terms, including Coin Metrics CC BY-NC 4.0 where indicated; this export does not replace those terms."
builders_vs_price,2026-10-06,/blocchi/0/serie/0/punti/33/1,15240,GitHub (commits in public repositories); CoinGecko (prices),"""2026-09-20""",CC BY 4.0,https://creativecommons.org/licenses/by/4.0/,Luca Valente,"CC BY 4.0 applies to the original compilation and editorial work by Luca Valente. Underlying third-party data retain their source terms, including Coin Metrics CC BY-NC 4.0 where indicated; this export does not replace those terms."
builders_vs_price,2026-10-06,/blocchi/0/serie/0/punti/34/0,"""2026-07-05""",GitHub (commits in public repositories); CoinGecko (prices),"""2026-09-20""",CC BY 4.0,https://creativecommons.org/licenses/by/4.0/,Luca Valente,"CC BY 4.0 applies to the original compilation and editorial work by Luca Valente. Underlying third-party data retain their source terms, including Coin Metrics CC BY-NC 4.0 where indicated; this export does not replace those terms."
builders_vs_price,2026-10-06,/blocchi/0/serie/0/punti/34/1,15435,GitHub (commits in public repositories); CoinGecko (prices),"""2026-09-20""",CC BY 4.0,https://creativecommons.org/licenses/by/4.0/,Luca Valente,"CC BY 4.0 applies to the original compilation and editorial work by Luca Valente. Underlying third-party data retain their source terms, including Coin Metrics CC BY-NC 4.0 where indicated; this export does not replace those terms."
builders_vs_price,2026-10-06,/blocchi/0/serie/0/punti/35/0,"""2026-07-12""",GitHub (commits in public repositories); CoinGecko (prices),"""2026-09-20""",CC BY 4.0,https://creativecommons.org/licenses/by/4.0/,Luca Valente,"CC BY 4.0 applies to the original compilation and editorial work by Luca Valente. Underlying third-party data retain their source terms, including Coin Metrics CC BY-NC 4.0 where indicated; this export does not replace those terms."
builders_vs_price,2026-10-06,/blocchi/0/serie/0/punti/35/1,15615,GitHub (commits in public repositories); CoinGecko (prices),"""2026-09-20""",CC BY 4.0,https://creativecommons.org/licenses/by/4.0/,Luca Valente,"CC BY 4.0 applies to the original compilation and editorial work by Luca Valente. Underlying third-party data retain their source terms, including Coin Metrics CC BY-NC 4.0 where indicated; this export does not replace those terms."
builders_vs_price,2026-10-06,/blocchi/0/serie/0/punti/36/0,"""2026-07-19""",GitHub (commits in public repositories); CoinGecko (prices),"""2026-09-20""",CC BY 4.0,https://creativecommons.org/licenses/by/4.0/,Luca Valente,"CC BY 4.0 applies to the original compilation and editorial work by Luca Valente. Underlying third-party data retain their source terms, including Coin Metrics CC BY-NC 4.0 where indicated; this export does not replace those terms."
builders_vs_price,2026-10-06,/blocchi/0/serie/0/punti/36/1,15442,GitHub (commits in public repositories); CoinGecko (prices),"""2026-09-20""",CC BY 4.0,https://creativecommons.org/licenses/by/4.0/,Luca Valente,"CC BY 4.0 applies to the original compilation and editorial work by Luca Valente. Underlying third-party data retain their source terms, including Coin Metrics CC BY-NC 4.0 where indicated; this export does not replace those terms."
builders_vs_price,2026-10-06,/blocchi/0/serie/0/punti/37/0,"""2026-07-26""",GitHub (commits in public repositories); CoinGecko (prices),"""2026-09-20""",CC BY 4.0,https://creativecommons.org/licenses/by/4.0/,Luca Valente,"CC BY 4.0 applies to the original compilation and editorial work by Luca Valente. Underlying third-party data retain their source terms, including Coin Metrics CC BY-NC 4.0 where indicated; this export does not replace those terms."
builders_vs_price,2026-10-06,/blocchi/0/serie/0/punti/37/1,15175,GitHub (commits in public repositories); CoinGecko (prices),"""2026-09-20""",CC BY 4.0,https://creativecommons.org/licenses/by/4.0/,Luca Valente,"CC BY 4.0 applies to the original compilation and editorial work by Luca Valente. Underlying third-party data retain their source terms, including Coin Metrics CC BY-NC 4.0 where indicated; this export does not replace those terms."
builders_vs_price,2026-10-06,/blocchi/0/serie/0/punti/38/0,"""2026-08-02""",GitHub (commits in public repositories); CoinGecko (prices),"""2026-09-20""",CC BY 4.0,https://creativecommons.org/licenses/by/4.0/,Luca Valente,"CC BY 4.0 applies to the original compilation and editorial work by Luca Valente. Underlying third-party data retain their source terms, including Coin Metrics CC BY-NC 4.0 where indicated; this export does not replace those terms."
builders_vs_price,2026-10-06,/blocchi/0/serie/0/punti/38/1,14567,GitHub (commits in public repositories); CoinGecko (prices),"""2026-09-20""",CC BY 4.0,https://creativecommons.org/licenses/by/4.0/,Luca Valente,"CC BY 4.0 applies to the original compilation and editorial work by Luca Valente. Underlying third-party data retain their source terms, including Coin Metrics CC BY-NC 4.0 where indicated; this export does not replace those terms."
builders_vs_price,2026-10-06,/blocchi/0/serie/0/punti/39/0,"""2026-08-09""",GitHub (commits in public repositories); CoinGecko (prices),"""2026-09-20""",CC BY 4.0,https://creativecommons.org/licenses/by/4.0/,Luca Valente,"CC BY 4.0 applies to the original compilation and editorial work by Luca Valente. Underlying third-party data retain their source terms, including Coin Metrics CC BY-NC 4.0 where indicated; this export does not replace those terms."
builders_vs_price,2026-10-06,/blocchi/0/serie/0/punti/39/1,14477,GitHub (commits in public repositories); CoinGecko (prices),"""2026-09-20""",CC BY 4.0,https://creativecommons.org/licenses/by/4.0/,Luca Valente,"CC BY 4.0 applies to the original compilation and editorial work by Luca Valente. Underlying third-party data retain their source terms, including Coin Metrics CC BY-NC 4.0 where indicated; this export does not replace those terms."
builders_vs_price,2026-10-06,/blocchi/0/serie/0/punti/40/0,"""2026-08-16""",GitHub (commits in public repositories); CoinGecko (prices),"""2026-09-20""",CC BY 4.0,https://creativecommons.org/licenses/by/4.0/,Luca Valente,"CC BY 4.0 applies to the original compilation and editorial work by Luca Valente. Underlying third-party data retain their source terms, including Coin Metrics CC BY-NC 4.0 where indicated; this export does not replace those terms."
builders_vs_price,2026-10-06,/blocchi/0/serie/0/punti/40/1,15105,GitHub (commits in public repositories); CoinGecko (prices),"""2026-09-20""",CC BY 4.0,https://creativecommons.org/licenses/by/4.0/,Luca Valente,"CC BY 4.0 applies to the original compilation and editorial work by Luca Valente. Underlying third-party data retain their source terms, including Coin Metrics CC BY-NC 4.0 where indicated; this export does not replace those terms."
builders_vs_price,2026-10-06,/blocchi/0/serie/0/punti/41/0,"""2026-08-23""",GitHub (commits in public repositories); CoinGecko (prices),"""2026-09-20""",CC BY 4.0,https://creativecommons.org/licenses/by/4.0/,Luca Valente,"CC BY 4.0 applies to the original compilation and editorial work by Luca Valente. Underlying third-party data retain their source terms, including Coin Metrics CC BY-NC 4.0 where indicated; this export does not replace those terms."
builders_vs_price,2026-10-06,/blocchi/0/serie/0/punti/41/1,15419,GitHub (commits in public repositories); CoinGecko (prices),"""2026-09-20""",CC BY 4.0,https://creativecommons.org/licenses/by/4.0/,Luca Valente,"CC BY 4.0 applies to the original compilation and editorial work by Luca Valente. Underlying third-party data retain their source terms, including Coin Metrics CC BY-NC 4.0 where indicated; this export does not replace those terms."
builders_vs_price,2026-10-06,/blocchi/0/serie/0/punti/42/0,"""2026-08-30""",GitHub (commits in public repositories); CoinGecko (prices),"""2026-09-20""",CC BY 4.0,https://creativecommons.org/licenses/by/4.0/,Luca Valente,"CC BY 4.0 applies to the original compilation and editorial work by Luca Valente. Underlying third-party data retain their source terms, including Coin Metrics CC BY-NC 4.0 where indicated; this export does not replace those terms."
builders_vs_price,2026-10-06,/blocchi/0/serie/0/punti/42/1,17063,GitHub (commits in public repositories); CoinGecko (prices),"""2026-09-20""",CC BY 4.0,https://creativecommons.org/licenses/by/4.0/,Luca Valente,"CC BY 4.0 applies to the original compilation and editorial work by Luca Valente. Underlying third-party data retain their source terms, including Coin Metrics CC BY-NC 4.0 where indicated; this export does not replace those terms."
builders_vs_price,2026-10-06,/blocchi/0/serie/0/punti/43/0,"""2026-09-06""",GitHub (commits in public repositories); CoinGecko (prices),"""2026-09-20""",CC BY 4.0,https://creativecommons.org/licenses/by/4.0/,Luca Valente,"CC BY 4.0 applies to the original compilation and editorial work by Luca Valente. Underlying third-party data retain their source terms, including Coin Metrics CC BY-NC 4.0 where indicated; this export does not replace those terms."
builders_vs_price,2026-10-06,/blocchi/0/serie/0/punti/43/1,17832,GitHub (commits in public repositories); CoinGecko (prices),"""2026-09-20""",CC BY 4.0,https://creativecommons.org/licenses/by/4.0/,Luca Valente,"CC BY 4.0 applies to the original compilation and editorial work by Luca Valente. Underlying third-party data retain their source terms, including Coin Metrics CC BY-NC 4.0 where indicated; this export does not replace those terms."
builders_vs_price,2026-10-06,/blocchi/0/serie/0/punti/44/0,"""2026-09-13""",GitHub (commits in public repositories); CoinGecko (prices),"""2026-09-20""",CC BY 4.0,https://creativecommons.org/licenses/by/4.0/,Luca Valente,"CC BY 4.0 applies to the original compilation and editorial work by Luca Valente. Underlying third-party data retain their source terms, including Coin Metrics CC BY-NC 4.0 where indicated; this export does not replace those terms."
builders_vs_price,2026-10-06,/blocchi/0/serie/0/punti/44/1,20975,GitHub (commits in public repositories); CoinGecko (prices),"""2026-09-20""",CC BY 4.0,https://creativecommons.org/licenses/by/4.0/,Luca Valente,"CC BY 4.0 applies to the original compilation and editorial work by Luca Valente. Underlying third-party data retain their source terms, including Coin Metrics CC BY-NC 4.0 where indicated; this export does not replace those terms."
builders_vs_price,2026-10-06,/blocchi/0/serie/0/punti/45/0,"""2026-09-20""",GitHub (commits in public repositories); CoinGecko (prices),"""2026-09-20""",CC BY 4.0,https://creativecommons.org/licenses/by/4.0/,Luca Valente,"CC BY 4.0 applies to the original compilation and editorial work by Luca Valente. Underlying third-party data retain their source terms, including Coin Metrics CC BY-NC 4.0 where indicated; this export does not replace those terms."
builders_vs_price,2026-10-06,/blocchi/0/serie/0/punti/45/1,20553,GitHub (commits in public repositories); CoinGecko (prices),"""2026-09-20""",CC BY 4.0,https://creativecommons.org/licenses/by/4.0/,Luca Valente,"CC BY 4.0 applies to the original compilation and editorial work by Luca Valente. Underlying third-party data retain their source terms, including Coin Metrics CC BY-NC 4.0 where indicated; this export does not replace those terms."
builders_vs_price,2026-10-06,/blocchi/1/id,"""settori""",GitHub (commits in public repositories); CoinGecko (prices),"""2026-09-20""",CC BY 4.0,https://creativecommons.org/licenses/by/4.0/,Luca Valente,"CC BY 4.0 applies to the original compilation and editorial work by Luca Valente. Underlying third-party data retain their source terms, including Coin Metrics CC BY-NC 4.0 where indicated; this export does not replace those terms."
builders_vs_price,2026-10-06,/blocchi/1/titolo,"""By sector (at least 5 projects)""",GitHub (commits in public repositories); CoinGecko (prices),"""2026-09-20""",CC BY 4.0,https://creativecommons.org/licenses/by/4.0/,Luca Valente,"CC BY 4.0 applies to the original compilation and editorial work by Luca Valente. Underlying third-party data retain their source terms, including Coin Metrics CC BY-NC 4.0 where indicated; this export does not replace those terms."
builders_vs_price,2026-10-06,/blocchi/1/tabella/colonne/0,"""Sector""",GitHub (commits in public repositories); CoinGecko (prices),"""2026-09-20""",CC BY 4.0,https://creativecommons.org/licenses/by/4.0/,Luca Valente,"CC BY 4.0 applies to the original compilation and editorial work by Luca Valente. Underlying third-party data retain their source terms, including Coin Metrics CC BY-NC 4.0 where indicated; this export does not replace those terms."
builders_vs_price,2026-10-06,/blocchi/1/tabella/colonne/1,"""Projects""",GitHub (commits in public repositories); CoinGecko (prices),"""2026-09-20""",CC BY 4.0,https://creativecommons.org/licenses/by/4.0/,Luca Valente,"CC BY 4.0 applies to the original compilation and editorial work by Luca Valente. Underlying third-party data retain their source terms, including Coin Metrics CC BY-NC 4.0 where indicated; this export does not replace those terms."
builders_vs_price,2026-10-06,/blocchi/1/tabella/colonne/2,"""Commits in 4 weeks""",GitHub (commits in public repositories); CoinGecko (prices),"""2026-09-20""",CC BY 4.0,https://creativecommons.org/licenses/by/4.0/,Luca Valente,"CC BY 4.0 applies to the original compilation and editorial work by Luca Valente. Underlying third-party data retain their source terms, including Coin Metrics CC BY-NC 4.0 where indicated; this export does not replace those terms."
builders_vs_price,2026-10-06,/blocchi/1/tabella/colonne/3,"""Commits, 4 weeks against the 4 before""",GitHub (commits in public repositories); CoinGecko (prices),"""2026-09-20""",CC BY 4.0,https://creativecommons.org/licenses/by/4.0/,Luca Valente,"CC BY 4.0 applies to the original compilation and editorial work by Luca Valente. Underlying third-party data retain their source terms, including Coin Metrics CC BY-NC 4.0 where indicated; this export does not replace those terms."
builders_vs_price,2026-10-06,/blocchi/1/tabella/colonne/4,"""Median token price change, 4 weeks""",GitHub (commits in public repositories); CoinGecko (prices),"""2026-09-20""",CC BY 4.0,https://creativecommons.org/licenses/by/4.0/,Luca Valente,"CC BY 4.0 applies to the original compilation and editorial work by Luca Valente. Underlying third-party data retain their source terms, including Coin Metrics CC BY-NC 4.0 where indicated; this export does not replace those terms."
builders_vs_price,2026-10-06,/blocchi/1/tabella/colonne/5,"""Commits, 12 weeks against the 12 before""",GitHub (commits in public repositories); CoinGecko (prices),"""2026-09-20""",CC BY 4.0,https://creativecommons.org/licenses/by/4.0/,Luca Valente,"CC BY 4.0 applies to the original compilation and editorial work by Luca Valente. Underlying third-party data retain their source terms, including Coin Metrics CC BY-NC 4.0 where indicated; this export does not replace those terms."
builders_vs_price,2026-10-06,/blocchi/1/tabella/colonne/6,"""Median token price change, 12 weeks""",GitHub (commits in public repositories); CoinGecko (prices),"""2026-09-20""",CC BY 4.0,https://creativecommons.org/licenses/by/4.0/,Luca Valente,"CC BY 4.0 applies to the original compilation and editorial work by Luca Valente. Underlying third-party data retain their source terms, including Coin Metrics CC BY-NC 4.0 where indicated; this export does not replace those terms."
builders_vs_price,2026-10-06,/blocchi/1/tabella/colonne/7,"""Projects with a listed token""",GitHub (commits in public repositories); CoinGecko (prices),"""2026-09-20""",CC BY 4.0,https://creativecommons.org/licenses/by/4.0/,Luca Valente,"CC BY 4.0 applies to the original compilation and editorial work by Luca Valente. Underlying third-party data retain their source terms, including Coin Metrics CC BY-NC 4.0 where indicated; this export does not replace those terms."
builders_vs_price,2026-10-06,/blocchi/1/tabella/righe/0/0,"""Chains""",GitHub (commits in public repositories); CoinGecko (prices),"""2026-09-20""",CC BY 4.0,https://creativecommons.org/licenses/by/4.0/,Luca Valente,"CC BY 4.0 applies to the original compilation and editorial work by Luca Valente. Underlying third-party data retain their source terms, including Coin Metrics CC BY-NC 4.0 where indicated; this export does not replace those terms."
builders_vs_price,2026-10-06,/blocchi/1/tabella/righe/0/1,17,GitHub (commits in public repositories); CoinGecko (prices),"""2026-09-20""",CC BY 4.0,https://creativecommons.org/licenses/by/4.0/,Luca Valente,"CC BY 4.0 applies to the original compilation and editorial work by Luca Valente. Underlying third-party data retain their source terms, including Coin Metrics CC BY-NC 4.0 where indicated; this export does not replace those terms."
builders_vs_price,2026-10-06,/blocchi/1/tabella/righe/0/2,3034,GitHub (commits in public repositories); CoinGecko (prices),"""2026-09-20""",CC BY 4.0,https://creativecommons.org/licenses/by/4.0/,Luca Valente,"CC BY 4.0 applies to the original compilation and editorial work by Luca Valente. Underlying third-party data retain their source terms, including Coin Metrics CC BY-NC 4.0 where indicated; this export does not replace those terms."
builders_vs_price,2026-10-06,/blocchi/1/tabella/righe/0/3,-0.2288,GitHub (commits in public repositories); CoinGecko (prices),"""2026-09-20""",CC BY 4.0,https://creativecommons.org/licenses/by/4.0/,Luca Valente,"CC BY 4.0 applies to the original compilation and editorial work by Luca Valente. Underlying third-party data retain their source terms, including Coin Metrics CC BY-NC 4.0 where indicated; this export does not replace those terms."
builders_vs_price,2026-10-06,/blocchi/1/tabella/righe/0/4,0.1315,GitHub (commits in public repositories); CoinGecko (prices),"""2026-09-20""",CC BY 4.0,https://creativecommons.org/licenses/by/4.0/,Luca Valente,"CC BY 4.0 applies to the original compilation and editorial work by Luca Valente. Underlying third-party data retain their source terms, including Coin Metrics CC BY-NC 4.0 where indicated; this export does not replace those terms."
builders_vs_price,2026-10-06,/blocchi/1/tabella/righe/0/5,-0.1029,GitHub (commits in public repositories); CoinGecko (prices),"""2026-09-20""",CC BY 4.0,https://creativecommons.org/licenses/by/4.0/,Luca Valente,"CC BY 4.0 applies to the original compilation and editorial work by Luca Valente. Underlying third-party data retain their source terms, including Coin Metrics CC BY-NC 4.0 where indicated; this export does not replace those terms."
builders_vs_price,2026-10-06,/blocchi/1/tabella/righe/0/6,0.3189,GitHub (commits in public repositories); CoinGecko (prices),"""2026-09-20""",CC BY 4.0,https://creativecommons.org/licenses/by/4.0/,Luca Valente,"CC BY 4.0 applies to the original compilation and editorial work by Luca Valente. Underlying third-party data retain their source terms, including Coin Metrics CC BY-NC 4.0 where indicated; this export does not replace those terms."
builders_vs_price,2026-10-06,/blocchi/1/tabella/righe/0/7,17,GitHub (commits in public repositories); CoinGecko (prices),"""2026-09-20""",CC BY 4.0,https://creativecommons.org/licenses/by/4.0/,Luca Valente,"CC BY 4.0 applies to the original compilation and editorial work by Luca Valente. Underlying third-party data retain their source terms, including Coin Metrics CC BY-NC 4.0 where indicated; this export does not replace those terms."
builders_vs_price,2026-10-06,/blocchi/1/tabella/righe/1/0,"""Lending""",GitHub (commits in public repositories); CoinGecko (prices),"""2026-09-20""",CC BY 4.0,https://creativecommons.org/licenses/by/4.0/,Luca Valente,"CC BY 4.0 applies to the original compilation and editorial work by Luca Valente. Underlying third-party data retain their source terms, including Coin Metrics CC BY-NC 4.0 where indicated; this export does not replace those terms."
builders_vs_price,2026-10-06,/blocchi/1/tabella/righe/1/1,5,GitHub (commits in public repositories); CoinGecko (prices),"""2026-09-20""",CC BY 4.0,https://creativecommons.org/licenses/by/4.0/,Luca Valente,"CC BY 4.0 applies to the original compilation and editorial work by Luca Valente. Underlying third-party data retain their source terms, including Coin Metrics CC BY-NC 4.0 where indicated; this export does not replace those terms."
builders_vs_price,2026-10-06,/blocchi/1/tabella/righe/1/2,1807,GitHub (commits in public repositories); CoinGecko (prices),"""2026-09-20""",CC BY 4.0,https://creativecommons.org/licenses/by/4.0/,Luca Valente,"CC BY 4.0 applies to the original compilation and editorial work by Luca Valente. Underlying third-party data retain their source terms, including Coin Metrics CC BY-NC 4.0 where indicated; this export does not replace those terms."
builders_vs_price,2026-10-06,/blocchi/1/tabella/righe/1/3,-0.3337,GitHub (commits in public repositories); CoinGecko (prices),"""2026-09-20""",CC BY 4.0,https://creativecommons.org/licenses/by/4.0/,Luca Valente,"CC BY 4.0 applies to the original compilation and editorial work by Luca Valente. Underlying third-party data retain their source terms, including Coin Metrics CC BY-NC 4.0 where indicated; this export does not replace those terms."
builders_vs_price,2026-10-06,/blocchi/1/tabella/righe/1/4,null,GitHub (commits in public repositories); CoinGecko (prices),"""2026-09-20""",CC BY 4.0,https://creativecommons.org/licenses/by/4.0/,Luca Valente,"CC BY 4.0 applies to the original compilation and editorial work by Luca Valente. Underlying third-party data retain their source terms, including Coin Metrics CC BY-NC 4.0 where indicated; this export does not replace those terms."
builders_vs_price,2026-10-06,/blocchi/1/tabella/righe/1/5,-0.2225,GitHub (commits in public repositories); CoinGecko (prices),"""2026-09-20""",CC BY 4.0,https://creativecommons.org/licenses/by/4.0/,Luca Valente,"CC BY 4.0 applies to the original compilation and editorial work by Luca Valente. Underlying third-party data retain their source terms, including Coin Metrics CC BY-NC 4.0 where indicated; this export does not replace those terms."
builders_vs_price,2026-10-06,/blocchi/1/tabella/righe/1/6,null,GitHub (commits in public repositories); CoinGecko (prices),"""2026-09-20""",CC BY 4.0,https://creativecommons.org/licenses/by/4.0/,Luca Valente,"CC BY 4.0 applies to the original compilation and editorial work by Luca Valente. Underlying third-party data retain their source terms, including Coin Metrics CC BY-NC 4.0 where indicated; this export does not replace those terms."
builders_vs_price,2026-10-06,/blocchi/1/tabella/righe/1/7,3,GitHub (commits in public repositories); CoinGecko (prices),"""2026-09-20""",CC BY 4.0,https://creativecommons.org/licenses/by/4.0/,Luca Valente,"CC BY 4.0 applies to the original compilation and editorial work by Luca Valente. Underlying third-party data retain their source terms, including Coin Metrics CC BY-NC 4.0 where indicated; this export does not replace those terms."
builders_vs_price,2026-10-06,/blocchi/1/tabella/righe/2/0,"""Liquid staking""",GitHub (commits in public repositories); CoinGecko (prices),"""2026-09-20""",CC BY 4.0,https://creativecommons.org/licenses/by/4.0/,Luca Valente,"CC BY 4.0 applies to the original compilation and editorial work by Luca Valente. Underlying third-party data retain their source terms, including Coin Metrics CC BY-NC 4.0 where indicated; this export does not replace those terms."
builders_vs_price,2026-10-06,/blocchi/1/tabella/righe/2/1,6,GitHub (commits in public repositories); CoinGecko (prices),"""2026-09-20""",CC BY 4.0,https://creativecommons.org/licenses/by/4.0/,Luca Valente,"CC BY 4.0 applies to the original compilation and editorial work by Luca Valente. Underlying third-party data retain their source terms, including Coin Metrics CC BY-NC 4.0 where indicated; this export does not replace those terms."
builders_vs_price,2026-10-06,/blocchi/1/tabella/righe/2/2,1732,GitHub (commits in public repositories); CoinGecko (prices),"""2026-09-20""",CC BY 4.0,https://creativecommons.org/licenses/by/4.0/,Luca Valente,"CC BY 4.0 applies to the original compilation and editorial work by Luca Valente. Underlying third-party data retain their source terms, including Coin Metrics CC BY-NC 4.0 where indicated; this export does not replace those terms."
builders_vs_price,2026-10-06,/blocchi/1/tabella/righe/2/3,-0.207,GitHub (commits in public repositories); CoinGecko (prices),"""2026-09-20""",CC BY 4.0,https://creativecommons.org/licenses/by/4.0/,Luca Valente,"CC BY 4.0 applies to the original compilation and editorial work by Luca Valente. Underlying third-party data retain their source terms, including Coin Metrics CC BY-NC 4.0 where indicated; this export does not replace those terms."
builders_vs_price,2026-10-06,/blocchi/1/tabella/righe/2/4,null,GitHub (commits in public repositories); CoinGecko (prices),"""2026-09-20""",CC BY 4.0,https://creativecommons.org/licenses/by/4.0/,Luca Valente,"CC BY 4.0 applies to the original compilation and editorial work by Luca Valente. Underlying third-party data retain their source terms, including Coin Metrics CC BY-NC 4.0 where indicated; this export does not replace those terms."
builders_vs_price,2026-10-06,/blocchi/1/tabella/righe/2/5,-0.1166,GitHub (commits in public repositories); CoinGecko (prices),"""2026-09-20""",CC BY 4.0,https://creativecommons.org/licenses/by/4.0/,Luca Valente,"CC BY 4.0 applies to the original compilation and editorial work by Luca Valente. Underlying third-party data retain their source terms, including Coin Metrics CC BY-NC 4.0 where indicated; this export does not replace those terms."
builders_vs_price,2026-10-06,/blocchi/1/tabella/righe/2/6,null,GitHub (commits in public repositories); CoinGecko (prices),"""2026-09-20""",CC BY 4.0,https://creativecommons.org/licenses/by/4.0/,Luca Valente,"CC BY 4.0 applies to the original compilation and editorial work by Luca Valente. Underlying third-party data retain their source terms, including Coin Metrics CC BY-NC 4.0 where indicated; this export does not replace those terms."
builders_vs_price,2026-10-06,/blocchi/1/tabella/righe/2/7,4,GitHub (commits in public repositories); CoinGecko (prices),"""2026-09-20""",CC BY 4.0,https://creativecommons.org/licenses/by/4.0/,Luca Valente,"CC BY 4.0 applies to the original compilation and editorial work by Luca Valente. Underlying third-party data retain their source terms, including Coin Metrics CC BY-NC 4.0 where indicated; this export does not replace those terms."
builders_vs_price,2026-10-06,/blocchi/2/id,"""quadranti""",GitHub (commits in public repositories); CoinGecko (prices),"""2026-09-20""",CC BY 4.0,https://creativecommons.org/licenses/by/4.0/,Luca Valente,"CC BY 4.0 applies to the original compilation and editorial work by Luca Valente. Underlying third-party data retain their source terms, including Coin Metrics CC BY-NC 4.0 where indicated; this export does not replace those terms."
builders_vs_price,2026-10-06,/blocchi/2/titolo,"""Code against price, 12 weeks""",GitHub (commits in public repositories); CoinGecko (prices),"""2026-09-20""",CC BY 4.0,https://creativecommons.org/licenses/by/4.0/,Luca Valente,"CC BY 4.0 applies to the original compilation and editorial work by Luca Valente. Underlying third-party data retain their source terms, including Coin Metrics CC BY-NC 4.0 where indicated; this export does not replace those terms."
builders_vs_price,2026-10-06,/blocchi/2/assi/x,"""Commits, 12 weeks against the 12 before""",GitHub (commits in public repositories); CoinGecko (prices),"""2026-09-20""",CC BY 4.0,https://creativecommons.org/licenses/by/4.0/,Luca Valente,"CC BY 4.0 applies to the original compilation and editorial work by Luca Valente. Underlying third-party data retain their source terms, including Coin Metrics CC BY-NC 4.0 where indicated; this export does not replace those terms."
builders_vs_price,2026-10-06,/blocchi/2/assi/y,"""Median token price change, 12 weeks""",GitHub (commits in public repositories); CoinGecko (prices),"""2026-09-20""",CC BY 4.0,https://creativecommons.org/licenses/by/4.0/,Luca Valente,"CC BY 4.0 applies to the original compilation and editorial work by Luca Valente. Underlying third-party data retain their source terms, including Coin Metrics CC BY-NC 4.0 where indicated; this export does not replace those terms."
builders_vs_price,2026-10-06,/blocchi/2/punti/0/etichetta,"""Chains""",GitHub (commits in public repositories); CoinGecko (prices),"""2026-09-20""",CC BY 4.0,https://creativecommons.org/licenses/by/4.0/,Luca Valente,"CC BY 4.0 applies to the original compilation and editorial work by Luca Valente. Underlying third-party data retain their source terms, including Coin Metrics CC BY-NC 4.0 where indicated; this export does not replace those terms."
builders_vs_price,2026-10-06,/blocchi/2/punti/0/x,-0.1029,GitHub (commits in public repositories); CoinGecko (prices),"""2026-09-20""",CC BY 4.0,https://creativecommons.org/licenses/by/4.0/,Luca Valente,"CC BY 4.0 applies to the original compilation and editorial work by Luca Valente. Underlying third-party data retain their source terms, including Coin Metrics CC BY-NC 4.0 where indicated; this export does not replace those terms."
builders_vs_price,2026-10-06,/blocchi/2/punti/0/y,0.3189,GitHub (commits in public repositories); CoinGecko (prices),"""2026-09-20""",CC BY 4.0,https://creativecommons.org/licenses/by/4.0/,Luca Valente,"CC BY 4.0 applies to the original compilation and editorial work by Luca Valente. Underlying third-party data retain their source terms, including Coin Metrics CC BY-NC 4.0 where indicated; this export does not replace those terms."
builders_vs_price,2026-10-06,/frasi/0/id,"""totale""",GitHub (commits in public repositories); CoinGecko (prices),"""2026-09-20""",CC BY 4.0,https://creativecommons.org/licenses/by/4.0/,Luca Valente,"CC BY 4.0 applies to the original compilation and editorial work by Luca Valente. Underlying third-party data retain their source terms, including Coin Metrics CC BY-NC 4.0 where indicated; this export does not replace those terms."
builders_vs_price,2026-10-06,/frasi/0/testo,"""Developers across 57 projects made 20.6K commits in 4 weeks, +33% against the 4 weeks before""",GitHub (commits in public repositories); CoinGecko (prices),"""2026-09-20""",CC BY 4.0,https://creativecommons.org/licenses/by/4.0/,Luca Valente,"CC BY 4.0 applies to the original compilation and editorial work by Luca Valente. Underlying third-party data retain their source terms, including Coin Metrics CC BY-NC 4.0 where indicated; this export does not replace those terms."
builders_vs_price,2026-10-06,/frasi/0/modello,"""cruscotti.builders_vs_price.totale""",GitHub (commits in public repositories); CoinGecko (prices),"""2026-09-20""",CC BY 4.0,https://creativecommons.org/licenses/by/4.0/,Luca Valente,"CC BY 4.0 applies to the original compilation and editorial work by Luca Valente. Underlying third-party data retain their source terms, including Coin Metrics CC BY-NC 4.0 where indicated; this export does not replace those terms."
builders_vs_price,2026-10-06,/frasi/0/contratto,"""contratto""",GitHub (commits in public repositories); CoinGecko (prices),"""2026-09-20""",CC BY 4.0,https://creativecommons.org/licenses/by/4.0/,Luca Valente,"CC BY 4.0 applies to the original compilation and editorial work by Luca Valente. Underlying third-party data retain their source terms, including Coin Metrics CC BY-NC 4.0 where indicated; this export does not replace those terms."
builders_vs_price,2026-10-06,/frasi/0/numeri/progetti,57,GitHub (commits in public repositories); CoinGecko (prices),"""2026-09-20""",CC BY 4.0,https://creativecommons.org/licenses/by/4.0/,Luca Valente,"CC BY 4.0 applies to the original compilation and editorial work by Luca Valente. Underlying third-party data retain their source terms, including Coin Metrics CC BY-NC 4.0 where indicated; this export does not replace those terms."
builders_vs_price,2026-10-06,/frasi/0/numeri/commit_4_settimane,20553,GitHub (commits in public repositories); CoinGecko (prices),"""2026-09-20""",CC BY 4.0,https://creativecommons.org/licenses/by/4.0/,Luca Valente,"CC BY 4.0 applies to the original compilation and editorial work by Luca Valente. Underlying third-party data retain their source terms, including Coin Metrics CC BY-NC 4.0 where indicated; this export does not replace those terms."
builders_vs_price,2026-10-06,/frasi/0/numeri/variazione,0.333,GitHub (commits in public repositories); CoinGecko (prices),"""2026-09-20""",CC BY 4.0,https://creativecommons.org/licenses/by/4.0/,Luca Valente,"CC BY 4.0 applies to the original compilation and editorial work by Luca Valente. Underlying third-party data retain their source terms, including Coin Metrics CC BY-NC 4.0 where indicated; this export does not replace those terms."
builders_vs_price,2026-10-06,/frasi/0/misura,"""commit""",GitHub (commits in public repositories); CoinGecko (prices),"""2026-09-20""",CC BY 4.0,https://creativecommons.org/licenses/by/4.0/,Luca Valente,"CC BY 4.0 applies to the original compilation and editorial work by Luca Valente. Underlying third-party data retain their source terms, including Coin Metrics CC BY-NC 4.0 where indicated; this export does not replace those terms."
builders_vs_price,2026-10-06,/frasi/0/finestra_giorni,28,GitHub (commits in public repositories); CoinGecko (prices),"""2026-09-20""",CC BY 4.0,https://creativecommons.org/licenses/by/4.0/,Luca Valente,"CC BY 4.0 applies to the original compilation and editorial work by Luca Valente. Underlying third-party data retain their source terms, including Coin Metrics CC BY-NC 4.0 where indicated; this export does not replace those terms."
builders_vs_price,2026-10-06,/frasi/0/base,15419.0,GitHub (commits in public repositories); CoinGecko (prices),"""2026-09-20""",CC BY 4.0,https://creativecommons.org/licenses/by/4.0/,Luca Valente,"CC BY 4.0 applies to the original compilation and editorial work by Luca Valente. Underlying third-party data retain their source terms, including Coin Metrics CC BY-NC 4.0 where indicated; this export does not replace those terms."
builders_vs_price,2026-10-06,/frasi/0/base_minima,100,GitHub (commits in public repositories); CoinGecko (prices),"""2026-09-20""",CC BY 4.0,https://creativecommons.org/licenses/by/4.0/,Luca Valente,"CC BY 4.0 applies to the original compilation and editorial work by Luca Valente. Underlying third-party data retain their source terms, including Coin Metrics CC BY-NC 4.0 where indicated; this export does not replace those terms."
builders_vs_price,2026-10-06,/frasi/0/quota_primo_contributo,0.26774680095363207,GitHub (commits in public repositories); CoinGecko (prices),"""2026-09-20""",CC BY 4.0,https://creativecommons.org/licenses/by/4.0/,Luca Valente,"CC BY 4.0 applies to the original compilation and editorial work by Luca Valente. Underlying third-party data retain their source terms, including Coin Metrics CC BY-NC 4.0 where indicated; this export does not replace those terms."
builders_vs_price,2026-10-06,/frasi/0/cancello,"""fermato""",GitHub (commits in public repositories); CoinGecko (prices),"""2026-09-20""",CC BY 4.0,https://creativecommons.org/licenses/by/4.0/,Luca Valente,"CC BY 4.0 applies to the original compilation and editorial work by Luca Valente. Underlying third-party data retain their source terms, including Coin Metrics CC BY-NC 4.0 where indicated; this export does not replace those terms."
builders_vs_price,2026-10-06,/frasi/0/motivo,"""stopped by the gate""",GitHub (commits in public repositories); CoinGecko (prices),"""2026-09-20""",CC BY 4.0,https://creativecommons.org/licenses/by/4.0/,Luca Valente,"CC BY 4.0 applies to the original compilation and editorial work by Luca Valente. Underlying third-party data retain their source terms, including Coin Metrics CC BY-NC 4.0 where indicated; this export does not replace those terms."
builders_vs_price,2026-10-06,/frasi/1/id,"""settore_chains""",GitHub (commits in public repositories); CoinGecko (prices),"""2026-09-20""",CC BY 4.0,https://creativecommons.org/licenses/by/4.0/,Luca Valente,"CC BY 4.0 applies to the original compilation and editorial work by Luca Valente. Underlying third-party data retain their source terms, including Coin Metrics CC BY-NC 4.0 where indicated; this export does not replace those terms."
builders_vs_price,2026-10-06,/frasi/1/testo,"""Chains: commits −23% over 4 weeks, token prices +13%""",GitHub (commits in public repositories); CoinGecko (prices),"""2026-09-20""",CC BY 4.0,https://creativecommons.org/licenses/by/4.0/,Luca Valente,"CC BY 4.0 applies to the original compilation and editorial work by Luca Valente. Underlying third-party data retain their source terms, including Coin Metrics CC BY-NC 4.0 where indicated; this export does not replace those terms."
builders_vs_price,2026-10-06,/frasi/1/modello,"""cruscotti.builders_vs_price.settore""",GitHub (commits in public repositories); CoinGecko (prices),"""2026-09-20""",CC BY 4.0,https://creativecommons.org/licenses/by/4.0/,Luca Valente,"CC BY 4.0 applies to the original compilation and editorial work by Luca Valente. Underlying third-party data retain their source terms, including Coin Metrics CC BY-NC 4.0 where indicated; this export does not replace those terms."
builders_vs_price,2026-10-06,/frasi/1/contratto,"""contratto""",GitHub (commits in public repositories); CoinGecko (prices),"""2026-09-20""",CC BY 4.0,https://creativecommons.org/licenses/by/4.0/,Luca Valente,"CC BY 4.0 applies to the original compilation and editorial work by Luca Valente. Underlying third-party data retain their source terms, including Coin Metrics CC BY-NC 4.0 where indicated; this export does not replace those terms."
builders_vs_price,2026-10-06,/frasi/1/numeri/commit,3034,GitHub (commits in public repositories); CoinGecko (prices),"""2026-09-20""",CC BY 4.0,https://creativecommons.org/licenses/by/4.0/,Luca Valente,"CC BY 4.0 applies to the original compilation and editorial work by Luca Valente. Underlying third-party data retain their source terms, including Coin Metrics CC BY-NC 4.0 where indicated; this export does not replace those terms."
builders_vs_price,2026-10-06,/frasi/1/numeri/variazione_commit,-0.2288,GitHub (commits in public repositories); CoinGecko (prices),"""2026-09-20""",CC BY 4.0,https://creativecommons.org/licenses/by/4.0/,Luca Valente,"CC BY 4.0 applies to the original compilation and editorial work by Luca Valente. Underlying third-party data retain their source terms, including Coin Metrics CC BY-NC 4.0 where indicated; this export does not replace those terms."
builders_vs_price,2026-10-06,/frasi/1/numeri/variazione_prezzi_mediana,0.1315,GitHub (commits in public repositories); CoinGecko (prices),"""2026-09-20""",CC BY 4.0,https://creativecommons.org/licenses/by/4.0/,Luca Valente,"CC BY 4.0 applies to the original compilation and editorial work by Luca Valente. Underlying third-party data retain their source terms, including Coin Metrics CC BY-NC 4.0 where indicated; this export does not replace those terms."
builders_vs_price,2026-10-06,/frasi/1/numeri/progetti,17,GitHub (commits in public repositories); CoinGecko (prices),"""2026-09-20""",CC BY 4.0,https://creativecommons.org/licenses/by/4.0/,Luca Valente,"CC BY 4.0 applies to the original compilation and editorial work by Luca Valente. Underlying third-party data retain their source terms, including Coin Metrics CC BY-NC 4.0 where indicated; this export does not replace those terms."
builders_vs_price,2026-10-06,/frasi/1/misura,"""commit""",GitHub (commits in public repositories); CoinGecko (prices),"""2026-09-20""",CC BY 4.0,https://creativecommons.org/licenses/by/4.0/,Luca Valente,"CC BY 4.0 applies to the original compilation and editorial work by Luca Valente. Underlying third-party data retain their source terms, including Coin Metrics CC BY-NC 4.0 where indicated; this export does not replace those terms."
builders_vs_price,2026-10-06,/frasi/1/finestra_giorni,28,GitHub (commits in public repositories); CoinGecko (prices),"""2026-09-20""",CC BY 4.0,https://creativecommons.org/licenses/by/4.0/,Luca Valente,"CC BY 4.0 applies to the original compilation and editorial work by Luca Valente. Underlying third-party data retain their source terms, including Coin Metrics CC BY-NC 4.0 where indicated; this export does not replace those terms."
builders_vs_price,2026-10-06,/frasi/1/base,3034,GitHub (commits in public repositories); CoinGecko (prices),"""2026-09-20""",CC BY 4.0,https://creativecommons.org/licenses/by/4.0/,Luca Valente,"CC BY 4.0 applies to the original compilation and editorial work by Luca Valente. Underlying third-party data retain their source terms, including Coin Metrics CC BY-NC 4.0 where indicated; this export does not replace those terms."
builders_vs_price,2026-10-06,/frasi/1/base_minima,100,GitHub (commits in public repositories); CoinGecko (prices),"""2026-09-20""",CC BY 4.0,https://creativecommons.org/licenses/by/4.0/,Luca Valente,"CC BY 4.0 applies to the original compilation and editorial work by Luca Valente. Underlying third-party data retain their source terms, including Coin Metrics CC BY-NC 4.0 where indicated; this export does not replace those terms."
builders_vs_price,2026-10-06,/frasi/1/quota_primo_contributo,0.15425181278839814,GitHub (commits in public repositories); CoinGecko (prices),"""2026-09-20""",CC BY 4.0,https://creativecommons.org/licenses/by/4.0/,Luca Valente,"CC BY 4.0 applies to the original compilation and editorial work by Luca Valente. Underlying third-party data retain their source terms, including Coin Metrics CC BY-NC 4.0 where indicated; this export does not replace those terms."
builders_vs_price,2026-10-06,/frasi/1/cancello,"""passa""",GitHub (commits in public repositories); CoinGecko (prices),"""2026-09-20""",CC BY 4.0,https://creativecommons.org/licenses/by/4.0/,Luca Valente,"CC BY 4.0 applies to the original compilation and editorial work by Luca Valente. Underlying third-party data retain their source terms, including Coin Metrics CC BY-NC 4.0 where indicated; this export does not replace those terms."
builders_vs_price,2026-10-06,/fonti/0,"""GitHub (commits in public repositories)""",GitHub (commits in public repositories); CoinGecko (prices),"""2026-09-20""",CC BY 4.0,https://creativecommons.org/licenses/by/4.0/,Luca Valente,"CC BY 4.0 applies to the original compilation and editorial work by Luca Valente. Underlying third-party data retain their source terms, including Coin Metrics CC BY-NC 4.0 where indicated; this export does not replace those terms."
builders_vs_price,2026-10-06,/fonti/1,"""CoinGecko (prices)""",GitHub (commits in public repositories); CoinGecko (prices),"""2026-09-20""",CC BY 4.0,https://creativecommons.org/licenses/by/4.0/,Luca Valente,"CC BY 4.0 applies to the original compilation and editorial work by Luca Valente. Underlying third-party data retain their source terms, including Coin Metrics CC BY-NC 4.0 where indicated; this export does not replace those terms."
builders_vs_price,2026-10-06,/metodo,"""weekly commit counts through the week of 2026-09-20; a project counts only with at least 20 commits in the last 4 weeks and in the 4 before; sector price = median across its projects with a listed token; commits are counted on the repositories mapped per project (when both sources exist the per-repository sum is used), so totals differ from the Chain Competition commit block; history is rebuilt with today's projects""",GitHub (commits in public repositories); CoinGecko (prices),"""2026-09-20""",CC BY 4.0,https://creativecommons.org/licenses/by/4.0/,Luca Valente,"CC BY 4.0 applies to the original compilation and editorial work by Luca Valente. Underlying third-party data retain their source terms, including Coin Metrics CC BY-NC 4.0 where indicated; this export does not replace those terms."
builders_vs_price,2026-10-06,/cancello,"""ok""",GitHub (commits in public repositories); CoinGecko (prices),"""2026-09-20""",CC BY 4.0,https://creativecommons.org/licenses/by/4.0/,Luca Valente,"CC BY 4.0 applies to the original compilation and editorial work by Luca Valente. Underlying third-party data retain their source terms, including Coin Metrics CC BY-NC 4.0 where indicated; this export does not replace those terms."
builders_vs_price,2026-10-06,/cancello_nota,"""gate result for the sentences: ok = at least one sentence passed; each sentence carries its own result; the values in tables and history are not certified one by one""",GitHub (commits in public repositories); CoinGecko (prices),"""2026-09-20""",CC BY 4.0,https://creativecommons.org/licenses/by/4.0/,Luca Valente,"CC BY 4.0 applies to the original compilation and editorial work by Luca Valente. Underlying third-party data retain their source terms, including Coin Metrics CC BY-NC 4.0 where indicated; this export does not replace those terms."
builders_vs_price,2026-10-06,/motivi/0,"""totale: stopped by the gate""",GitHub (commits in public repositories); CoinGecko (prices),"""2026-09-20""",CC BY 4.0,https://creativecommons.org/licenses/by/4.0/,Luca Valente,"CC BY 4.0 applies to the original compilation and editorial work by Luca Valente. Underlying third-party data retain their source terms, including Coin Metrics CC BY-NC 4.0 where indicated; this export does not replace those terms."
builders_vs_price,2026-10-06,/immagini/1600x900,"""immagine_2026-10-06_1600x900.png""",GitHub (commits in public repositories); CoinGecko (prices),"""2026-09-20""",CC BY 4.0,https://creativecommons.org/licenses/by/4.0/,Luca Valente,"CC BY 4.0 applies to the original compilation and editorial work by Luca Valente. Underlying third-party data retain their source terms, including Coin Metrics CC BY-NC 4.0 where indicated; this export does not replace those terms."
builders_vs_price,2026-10-06,/immagini/1080x1350,"""immagine_2026-10-06_1080x1350.png""",GitHub (commits in public repositories); CoinGecko (prices),"""2026-09-20""",CC BY 4.0,https://creativecommons.org/licenses/by/4.0/,Luca Valente,"CC BY 4.0 applies to the original compilation and editorial work by Luca Valente. Underlying third-party data retain their source terms, including Coin Metrics CC BY-NC 4.0 where indicated; this export does not replace those terms."
builders_vs_price,2026-10-06,/immagine_titolo,"""Chains: commits −23% over 4 weeks, token prices +13%""",GitHub (commits in public repositories); CoinGecko (prices),"""2026-09-20""",CC BY 4.0,https://creativecommons.org/licenses/by/4.0/,Luca Valente,"CC BY 4.0 applies to the original compilation and editorial work by Luca Valente. Underlying third-party data retain their source terms, including Coin Metrics CC BY-NC 4.0 where indicated; this export does not replace those terms."
builders_vs_price,2026-10-06,/carta_x,null,GitHub (commits in public repositories); CoinGecko (prices),"""2026-09-20""",CC BY 4.0,https://creativecommons.org/licenses/by/4.0/,Luca Valente,"CC BY 4.0 applies to the original compilation and editorial work by Luca Valente. Underlying third-party data retain their source terms, including Coin Metrics CC BY-NC 4.0 where indicated; this export does not replace those terms."
builders_vs_price,2026-10-06,/immagini_problemi,0,GitHub (commits in public repositories); CoinGecko (prices),"""2026-09-20""",CC BY 4.0,https://creativecommons.org/licenses/by/4.0/,Luca Valente,"CC BY 4.0 applies to the original compilation and editorial work by Luca Valente. Underlying third-party data retain their source terms, including Coin Metrics CC BY-NC 4.0 where indicated; this export does not replace those terms."
builders_vs_price,2026-10-06,/generato_il,"""2026-10-07T03:58:26Z""",GitHub (commits in public repositories); CoinGecko (prices),"""2026-09-20""",CC BY 4.0,https://creativecommons.org/licenses/by/4.0/,Luca Valente,"CC BY 4.0 applies to the original compilation and editorial work by Luca Valente. Underlying third-party data retain their source terms, including Coin Metrics CC BY-NC 4.0 where indicated; this export does not replace those terms."
